ForestTypeGroup,albedoAgeGroup,rfAlbedo,rfSigma,cumTDEE,cumTDEE_ub,cumTDEE_lb
Alder / maple,0,3.67171327162365,1.80630201744949,11.1691903925942,16.663881738822,5.67449904636636
Alder / maple,10,3.06756648345733,1.16715027461539,12.9265459809128,18.2455993117456,7.60749265008
Alder / maple,20,3.21904713807908,0.561050927981721,14.8551074939254,18.7176903642289,10.9925246236219
Alder / maple,30,4.26578079670856,0.746623823638279,19.3329742000406,23.5383149286281,15.127633471453
Alder / maple,40,5.42840304746157,0.788563863394881,24.9485424059698,29.4617309233538,20.4353538885859
Alder / maple,50,2.45711221672657,0.758594829298493,18.5447795430386,23.1711652959883,13.9183937900889
Alder / maple,60,3.78172628031772,0.869751141936163,21.5438331788162,26.650480152109,16.4371862055233
Alder / maple,70,7.89573003944416,1.09552238796826,35.2238374864688,41.2608277149386,29.1868472579989
Alder / maple,80,4.31331034614107,0.984213277267372,29.2273475107228,35.3339334644443,23.1207615570014
Alder / maple,90,7.04438506734671,1.76170454507351,37.0723714482276,45.7218224740166,28.4229204224387
Alder / maple,100,3.04967154397845,2.09187641246556,27.9046458975424,38.4919542277673,17.3173375673175
Alder / maple,110,0.2901,2.60446304058247,17.6382521875103,30.7046876575622,4.57181671745842
Alder / maple,120,7.15997617308587,1.99397182237774,35.2362600625623,47.5953878824581,22.8771322426666
Alder / maple,130,13.7762035985143,2.3742276831681,60.352522616862,74.0858764349802,46.6191687987438
Alder / maple,150,5.58356298095632,2.07212028536341,46.1898939811261,60.0977006681741,32.2820872940781
Alder / maple,170,10.9655609166667,2.35301551533709,62.6809107044171,78.0903063872763,47.2715150215579
Alder / maple,180,5.74328916666667,3.60248343572757,51.0283940396552,70.724808809281,31.3319792700294
Alder / maple,200,8.48498151542887,1.40082894115362,57.7992514181709,72.3817839476079,43.2167188887339
Aspen / birch,0,1.81654416673245,0.686359836512536,5.52584751418213,7.61372396986419,3.43797105850008
Aspen / birch,10,5.16327744399537,0.424314524879547,17.4851251017775,19.4479177630402,15.5223324405147
Aspen / birch,20,6.3384455822528,0.507058128780456,25.3557000296866,27.6985652809259,23.0128347784473
Aspen / birch,30,6.9614226777755,0.488022582371199,31.0128014878183,33.5092660146318,28.5163369610049
Aspen / birch,40,7.36963127925533,0.569718314465092,35.4767985540345,38.3704172542118,32.5831798538572
Aspen / birch,50,6.94723494000712,0.624597976376665,37.0402865343896,40.3128741500323,33.7676989187468
Aspen / birch,60,7.23396645292176,0.59228724100095,39.7811992354938,43.1730433663574,36.3893551046302
Aspen / birch,70,7.65734852363918,0.499261823740193,43.0730187181908,46.3200870767346,39.8259503596471
Aspen / birch,80,8.62094945576456,0.606111460360233,48.141997111077,51.7499044753692,44.5340897467849
Aspen / birch,90,7.99826219821377,0.704952885389812,48.9588205101056,53.0353438710196,44.8822971491916
Aspen / birch,100,8.31520179136342,0.901382670750717,51.4037214940684,56.3021125149413,46.5053304731956
Aspen / birch,110,12.0018712443545,0.986252550408566,64.3626618884189,69.8757376279529,58.8495861488848
Aspen / birch,120,7.07311069374599,1.59953847826244,54.4923945134031,62.2016221155365,46.7831669112698
Aspen / birch,130,7.73886093893442,2.38313307864286,55.1206130509726,66.0626242778565,44.1786018240888
Aspen / birch,140,9.60017030187904,2.91559714849391,61.405549435873,75.2881166944261,47.52298217732
Aspen / birch,150,23.9337275,6.927880831283,107.578664129772,135.060684904154,80.09664335539
Aspen / birch,160,9.93580033333333,5.29324940707382,80.8368944963389,108.260746678064,53.4130423146135
California mixed conifer,0,-5.89382296363636,4.14115529264296,-17.9287504092029,-5.33153802165314,-30.5259627967527
California mixed conifer,10,0.584158926401933,1.90030230928683,-3.9939277236267,5.84150424607886,-13.8293596933323
California mixed conifer,20,2.70671898644342,1.78445946686025,5.50009580504196,15.1116191397587,-4.11142752967473
California mixed conifer,30,9.59591270176673,1.6683525605114,29.7857057229705,39.347845515388,20.2235659305529
California mixed conifer,40,7.49863027249128,0.927228914820866,32.0129785208453,39.6045474417455,24.4214095999451
California mixed conifer,50,9.1704133876036,1.07853210394745,40.2255970829679,47.8810210189011,32.5701731470347
California mixed conifer,60,5.95145297817932,0.873863939947471,34.7425203337172,41.827696260439,27.6573444069953
California mixed conifer,70,7.61676691430075,0.771267310649968,39.9330113905435,46.5883780824045,33.2776446986825
California mixed conifer,80,8.29893328994582,0.603069158661542,44.5805336387773,50.5991681541108,38.5618991234438
California mixed conifer,90,8.54262457262242,0.61539166527244,48.0231436938383,53.8652536296751,42.1810337580015
California mixed conifer,100,9.11047607568436,0.624575595614476,52.1174710215182,57.886016481735,46.3489255613014
California mixed conifer,110,11.0917791170441,0.656727977366051,60.6645429811308,66.4748255256373,54.8542604366242
California mixed conifer,120,8.74482782023905,0.889731116229425,57.5086086719417,64.0195370779347,50.9976802659488
California mixed conifer,130,12.5885027019853,0.855882112915454,69.7955442601009,76.4226133261595,63.1684751940423
California mixed conifer,140,10.8509500148016,1.03734848316549,69.3588824481301,76.6316103502837,62.0861545459764
California mixed conifer,150,13.6054809579534,1.59420456669657,79.3574463744961,88.5791731863098,70.1357195626823
California mixed conifer,160,11.3149076160354,1.01549199734886,76.7971036467687,84.9765304976261,68.6176767959114
California mixed conifer,170,10.0256170488899,2.36198169665258,73.8162897698694,85.9786408771425,61.6539386625964
California mixed conifer,180,10.1843840036617,1.53674283601064,74.3988224493215,85.3955573052208,63.4020875934223
California mixed conifer,190,8.10411736679401,1.73386609889599,68.9160901629719,80.5256038356023,57.3065764903415
California mixed conifer,200,10.8300416720644,0.533033318416164,76.1031037809011,84.4103120473839,67.7958955144184
Douglas-fir,0,3.66085931770221,0.629188409719305,11.1361731418198,13.0501366300038,9.22220965363571
Douglas-fir,10,4.91096908758669,0.319449983546451,18.5234680750088,20.1112882335646,16.935647916453
Douglas-fir,20,5.51111841581639,0.242580726425726,23.6263604332434,25.0299542625624,22.2227666039244
Douglas-fir,30,7.49036817331924,0.246142229698597,32.4158003781738,33.8355881106124,30.9960126457353
Douglas-fir,40,8.51995443128262,0.303520267171351,39.5373736425462,41.1747763757518,37.8999709093406
Douglas-fir,50,9.12462914351398,0.31238900014026,45.1952837086251,46.9639591481009,43.4266082691493
Douglas-fir,60,9.60383957374235,0.332331558182852,50.1010326188626,52.0175894933985,48.1844757443268
Douglas-fir,70,11.1125353232072,0.330138623772896,57.8812738815198,59.881887934855,55.8806598281847
Douglas-fir,80,11.7729330946046,0.27102733818908,63.963005031731,65.8550345658462,62.0709754976157
Douglas-fir,90,11.8468586442113,0.276272937576393,67.931430299797,69.8442530970734,66.0186075025205
Douglas-fir,100,11.979126278229,0.292343554341175,71.39147145279,73.3817658233937,69.4011770821863
Douglas-fir,110,13.1228542907104,0.319356268437784,77.6166944267749,79.7356581485099,75.4977307050399
Douglas-fir,120,11.9632825043107,0.371593329835418,77.6087086674046,79.9522530988581,75.2651642359511
Douglas-fir,130,11.9616008523418,0.390270245786105,79.2650042116786,81.7671677165244,76.7628407068328
Douglas-fir,140,14.1270392535399,0.521918049548683,87.6243940994885,90.6185807789568,84.6302074200202
Douglas-fir,150,12.350716325213,0.578436995508252,86.050100870601,89.4167870143201,82.683414726882
Douglas-fir,160,12.1660516981027,0.541416805525958,86.5697475969396,90.0150819124691,83.1244132814102
Douglas-fir,170,13.0180724583082,0.64421872400009,90.3630495704264,94.2258661881796,86.5002329526733
Douglas-fir,180,13.3424992037713,0.737571652386945,93.4881294519725,97.8327794582521,89.1434794456928
Douglas-fir,190,14.0675508961553,0.861136452901774,97.7736423576479,102.732467321841,92.8148173934545
Douglas-fir,200,13.3676493835671,0.303303821067458,98.1158530672759,101.674638564311,94.5570675702411
Elm / ash / cottonwood,0,3.93910482150021,0.786327261403593,11.9825837348857,14.3745567033033,9.59061076646813
Elm / ash / cottonwood,10,4.53112843246453,0.557636605859616,17.6404524842575,20.1066877657632,15.1742172027517
Elm / ash / cottonwood,20,4.57651319792747,0.505124365128584,20.5674693430162,23.0910615497646,18.0438771362677
Elm / ash / cottonwood,30,6.0107043034594,0.635834535632105,26.8990550935924,29.9584497185673,23.8396604686175
Elm / ash / cottonwood,40,5.19838557958537,0.50136254413286,27.3987138887209,30.3149701497105,24.4824576277312
Elm / ash / cottonwood,50,5.0372170644853,0.358778260803513,28.2554469996795,30.8071930468505,25.7037009525084
Elm / ash / cottonwood,60,5.87327429168047,0.379368036836431,31.9425297520097,34.5104397508782,29.3746197531413
Elm / ash / cottonwood,70,5.75421132494027,0.445982650813766,33.5048577878642,36.3091207300556,30.7005948456728
Elm / ash / cottonwood,80,6.81055583229822,0.574089223405004,38.0918038055206,41.3927512721144,34.7908563389268
Elm / ash / cottonwood,90,7.1788918822224,0.82511290120973,41.4510864556252,45.7208498100967,37.1813231011538
Elm / ash / cottonwood,100,7.4111937965716,0.93446314441958,44.1923632662928,49.1804214634606,39.2043050691251
Elm / ash / cottonwood,110,6.97343912427873,1.22182813175263,44.7044945957422,50.9277271228729,38.4812620686115
Elm / ash / cottonwood,120,12.543253010799,1.9476236008838,62.7472004014118,71.7214772211239,53.7729235816996
Elm / ash / cottonwood,130,7.22257506840373,1.7912119737861,53.1166517481636,62.7036394121237,43.5296640842036
Elm / ash / cottonwood,140,11.7700989097489,2.84002867140637,65.9046766436836,79.2421152628135,52.5672380245536
Elm / ash / cottonwood,160,9.77654881787942,2.43810288420557,66.6984887506011,81.1165425103363,52.280434990866
Elm / ash / cottonwood,170,5.79344158333333,4.43104351856717,55.5616350338234,76.5266002901007,34.5966697775461
Exotic hardwoods,0,1.9351800541985,1.40203173329553,5.88673266955178,10.1516515799306,1.62181375917295
Exotic hardwoods,10,3.52209882156929,0.75343433934216,12.6088937268564,16.2736017124783,8.94418574123453
Exotic hardwoods,20,3.33899051075322,1.15136612199129,14.6910739189694,19.7175428725488,9.66460496538994
Exotic hardwoods,30,5.2279875129381,1.41299371279499,21.9303520096881,28.3453054582549,15.5153985611213
Exotic hardwoods,40,3.3461104546351,1.40093055885441,19.2336340565621,26.2923426952325,12.1749254178917
Exotic hardwoods,50,7.3460114422634,2.15319092609983,31.6205505974797,41.4491364228243,21.791964772135
Exotic hardwoods,60,4.49462890850718,2.49244643924138,27.4518299790554,39.4480275368815,15.4556324212294
Exotic hardwoods,80,7.27505554545455,4.27809989342174,38.0103611853021,58.2185768930314,17.8021454775728
Exotic hardwoods,120,2.63342189884983,2.25615516448643,26.8741471453528,44.3475422039488,9.40075208675683
Exotic softwoods,10,5.224612625,3.80891927350291,15.8930419723029,27.4796069921153,4.30647695249051
Exotic softwoods,20,8.1422787389735,1.49513591070908,29.8841128930932,38.1617388988459,21.6064868873405
Exotic softwoods,30,11.4474701495501,2.16991804663915,45.7254500790161,55.9264669625335,35.5244331954987
Exotic softwoods,40,6.65480693896145,2.35918273644146,38.1310609483431,49.8105505349437,26.4515713617425
Exotic softwoods,50,9.29644781409835,2.30463356276675,46.2337140260423,58.6343285929911,33.8330994590935
Exotic softwoods,60,6.99952489630188,3.83808097238077,42.9361853111373,60.6493063836932,25.2230642385813
Exotic softwoods,70,12.1609507101172,3.4210131101009,59.174679723981,77.6899241235927,40.6594353243692
Exotic softwoods,80,12.9107078771776,2.99397231848605,67.5625948245729,85.7390270763698,49.386162572776
Fir / spruce / mountain hemlock,0,0.601166261580581,1.03762384090999,1.82872134517965,4.98512746343127,-1.32768477307196
Fir / spruce / mountain hemlock,10,3.80594914944248,0.493006049189316,12.1661596062865,14.6818476294685,9.65047158310447
Fir / spruce / mountain hemlock,20,4.8883528571718,0.529272602605614,18.9339039000709,21.6086130769433,16.2591947231984
Fir / spruce / mountain hemlock,30,4.05844201615448,0.604293605754389,19.5096308312715,22.5620605230755,16.4572011394675
Fir / spruce / mountain hemlock,40,6.02855489002415,0.683903284987721,26.7912628009694,30.3023724575501,23.2801531443887
Fir / spruce / mountain hemlock,50,9.02819304623264,0.575252680471432,39.0476825976475,42.4790912644289,35.616273930866
Fir / spruce / mountain hemlock,60,12.4756393281746,0.570345973142608,54.6650005248091,58.1683669575561,51.1616340920622
Fir / spruce / mountain hemlock,70,12.0706946062888,0.481040053082473,60.2660595591445,63.59601052783,56.9361085904589
Fir / spruce / mountain hemlock,80,11.4579378078594,0.415709827605949,62.6839219609938,65.8259397422516,59.5419041797359
Fir / spruce / mountain hemlock,90,12.9974553674291,0.410151430246517,70.2839368178069,73.3874874887656,67.1803861468483
Fir / spruce / mountain hemlock,100,14.1327028385575,0.4043065866613,77.9540035483478,81.0474439948657,74.86056310183
Fir / spruce / mountain hemlock,110,13.8345309447482,0.434201297178982,81.4877113613693,84.6869656474994,78.2884570752392
Fir / spruce / mountain hemlock,120,13.4902330636799,0.493802608562213,83.6452570779424,87.0766213174401,80.2138928384447
Fir / spruce / mountain hemlock,130,14.3654371425622,0.514714605626584,88.8078015877485,92.4018748884914,85.2137282870056
Fir / spruce / mountain hemlock,140,13.7077626300365,0.60672435928988,90.0280941759421,93.9930877619606,86.0631005899236
Fir / spruce / mountain hemlock,150,16.1182558122242,0.697370096210965,99.3957741585193,103.797917320122,94.9936309969166
Fir / spruce / mountain hemlock,160,15.4179515231071,0.665729179341596,101.630374546014,106.1392766081,97.1214724839274
Fir / spruce / mountain hemlock,170,16.2762156123621,0.784765115552456,106.800560729443,111.786269485177,101.81485197371
Fir / spruce / mountain hemlock,180,17.2776886994374,0.783301237597108,113.040639326779,118.241818503568,107.839460149989
Fir / spruce / mountain hemlock,190,17.0418043739206,0.95416056183458,115.957676399861,121.838528734167,110.076824065555
Fir / spruce / mountain hemlock,200,17.6930564914711,0.390991325420245,120.632623269714,125.102280769457,116.162965769971
Hemlock / Sitka spruce,0,0.841910361746529,1.01744737589665,2.56105431666416,5.65608451514417,-0.533975881815851
Hemlock / Sitka spruce,10,5.30236388874142,0.965706174778457,16.9539111084926,20.8877764314127,13.0200457855724
Hemlock / Sitka spruce,20,9.38170532851486,1.09647031755214,34.202716612661,39.0543426280178,29.3510905973043
Hemlock / Sitka spruce,30,10.4751145184261,1.48728183969322,44.3651113415754,50.9158835516989,37.814339131452
Hemlock / Sitka spruce,40,9.6648526642036,0.784762005252148,47.340183938631,52.5252126431648,42.1551552340972
Hemlock / Sitka spruce,50,8.79402044116265,0.733705612318875,47.8742350105353,52.7613654259546,42.987104595116
Hemlock / Sitka spruce,60,9.90938182988127,0.836532475974169,53.2351271558505,58.4341010560893,48.0361532556116
Hemlock / Sitka spruce,70,11.1109940441247,0.936713490829441,60.0068057112769,65.681472941314,54.3321384812398
Hemlock / Sitka spruce,80,12.3239240249761,0.827666169520492,67.3969226785239,72.9824790346628,61.8113663223851
Hemlock / Sitka spruce,90,13.8977288540043,1.15510644548442,76.2354904347664,82.8958389553421,69.5751419141906
Hemlock / Sitka spruce,100,12.8971851770408,0.933610834408572,77.8540599297232,84.2590812312903,71.4490386281561
Hemlock / Sitka spruce,110,13.3113865903579,1.00882900587672,81.6744606395785,88.3739514592158,74.9749698199412
Hemlock / Sitka spruce,120,11.3737268341748,0.912623693143509,78.6205538696757,85.2043516000012,72.0367561393502
Hemlock / Sitka spruce,130,13.1071708505475,0.865900398871859,84.4788849753164,90.977767269371,77.9800026812617
Hemlock / Sitka spruce,140,14.1319803888324,1.5275579321024,90.443351967844,98.9920592750586,81.8946446606294
Hemlock / Sitka spruce,150,12.8700215951778,1.21260981953168,89.8405628447137,98.1403854854793,81.540740203948
Hemlock / Sitka spruce,160,12.1605762741549,2.42836703369888,88.9655780975855,101.093821650159,76.837334545012
Hemlock / Sitka spruce,170,15.8263941223626,1.44936929089344,100.89600537675,111.395635514388,90.3963752391126
Hemlock / Sitka spruce,180,18.9342605785553,3.80093793477507,115.006544392496,132.541660981286,97.4714278037067
Hemlock / Sitka spruce,190,16.8254484049956,3.86579236696851,114.809461184918,134.937923296527,94.6809990733087
Hemlock / Sitka spruce,200,18.7954036127824,0.539508640319472,123.066011848265,134.60672731383,111.525296382701
Loblolly / shortleaf pine,0,5.14841991201291,0.160679187008609,15.6612670882296,16.1500461129144,15.1724880635448
Loblolly / shortleaf pine,10,7.28118949445554,0.134497438561953,27.1901134636635,27.7565771523701,26.6236497749568
Loblolly / shortleaf pine,20,7.95559592513819,0.139831511904896,34.2174566887956,34.8646289422809,33.5702844353102
Loblolly / shortleaf pine,30,8.02654260188436,0.151037811324418,38.3710159164815,39.107769419975,37.634262412988
Loblolly / shortleaf pine,40,7.34890864175673,0.281091464574407,39.3208000364658,40.5096463105997,38.1319537623318
Loblolly / shortleaf pine,50,6.58637263548573,0.374248818398612,38.8239695035868,40.4691777066462,37.1787613005275
Loblolly / shortleaf pine,60,6.926446763856,0.308340041585364,40.8904493372542,42.538671372527,39.2422273019814
Loblolly / shortleaf pine,70,6.86216242432087,0.92657666524321,42.2413341633613,45.84535480666,38.6373135200625
Loblolly / shortleaf pine,80,6.30300963256407,1.17985071014671,41.853833417167,46.908609563534,36.7990572708001
Loblolly / shortleaf pine,90,6.15550838686375,2.46309947300209,42.0661810537683,51.6888545700576,32.443507537479
Loblolly / shortleaf pine,100,6.746900479892,1.56336384147535,44.5169924627759,53.1145800632468,35.919404862305
Loblolly / shortleaf pine,110,7.6871256716225,1.53890423888455,48.6699842088923,57.3962688995956,39.9436995181889
Loblolly / shortleaf pine,120,6.64975158379887,2.46073254681666,47.4690410212395,59.3023975677028,35.6356844747761
Loblolly / shortleaf pine,130,6.52836466327325,7.54981718692717,47.5234781545696,76.0632909898319,18.9836653193072
Loblolly / shortleaf pine,160,8.01722258333333,8.202830130735,55.0359276072915,98.0483921789987,12.0234630355844
Lodgepole pine,0,2.28996305509794,0.668873534820357,6.96596696481293,9.00065085930789,4.93128307031797
Lodgepole pine,10,4.22006121728445,0.453644929752468,15.0794490333263,17.1143418537628,13.0445562128899
Lodgepole pine,20,10.7719482500254,0.443203629053715,38.1841948906131,40.3517289677644,36.0166608134619
Lodgepole pine,30,9.1063681311853,0.80203962927645,41.5410437542006,44.9395929312752,38.142494577126
Lodgepole pine,40,12.0440955684186,0.675006401388659,54.0582434381538,57.5498775465804,50.5666093297272
Lodgepole pine,50,13.8838584584472,0.76797007423962,65.5368157962469,69.5036360183223,61.5699955741714
Lodgepole pine,60,13.7546790706176,0.714616794066687,71.2129502203284,75.2861478253062,67.1397526153505
Lodgepole pine,70,12.9979492280333,0.645975450039996,73.3264662430268,77.351579732783,69.3013527532707
Lodgepole pine,80,12.8039814318427,0.604569033725486,75.7155218121734,79.7003102526462,71.7307333717006
Lodgepole pine,90,13.7976817284133,0.589247743605231,81.3900263140362,85.3897647819316,77.3902878461409
Lodgepole pine,100,15.6467025487986,0.760762980243137,90.4930395760301,95.0770270341769,85.9090521178834
Lodgepole pine,110,15.0402112772771,0.722120059431947,93.3243391191291,98.028314176719,88.6203640615392
Lodgepole pine,120,15.0160756654105,0.783200519353633,96.214142631592,101.230965283534,91.1973199796499
Lodgepole pine,130,16.6657442209952,0.93282754755615,103.893318562075,109.538551692733,98.2480854314164
Lodgepole pine,140,19.6426142841003,1.31458651805548,117.001480429922,124.092459597687,109.910501262157
Lodgepole pine,150,17.667847950155,1.61144427105509,117.076634349993,125.648923035646,108.504345664341
Lodgepole pine,160,17.9040772532935,1.42974722667271,120.271822309954,128.966157846704,111.577486773204
Lodgepole pine,170,21.2253071454929,1.76611564184371,133.175433085665,143.186469801706,123.164396369623
Lodgepole pine,180,12.703729309759,1.83630329860304,113.096657884476,123.931762021924,102.261553747029
Lodgepole pine,190,18.7222920770014,1.5743406664251,127.326691742259,137.882052957153,116.771330527365
Lodgepole pine,200,15.5330090625149,0.995353399826246,122.319241829671,131.270319458633,113.368164200709
Longleaf / slash pine,0,4.60634339246587,0.462208974192498,14.0122941411949,15.4183135256112,12.6062747567785
Longleaf / slash pine,10,6.79445742158471,0.35481937465282,25.1787238053809,26.710638841588,23.6468087691737
Longleaf / slash pine,20,7.37672927601074,0.36717621763083,31.6759597180333,33.3995475027476,29.952371933319
Longleaf / slash pine,30,7.29093858834714,0.395587286580217,35.0744267789195,37.0231537773423,33.1256997804967
Longleaf / slash pine,40,6.26563041405792,0.499799079458176,34.604706897192,37.0145113280485,32.1949024663356
Longleaf / slash pine,50,7.13132923505413,0.484118284419419,38.4589250868436,41.0404033837402,35.8774467899469
Longleaf / slash pine,60,6.59255762406893,0.502428244317121,39.0365404430131,41.818316490853,36.2547643951732
Longleaf / slash pine,70,6.09073781619143,0.473995134381983,38.7822178516279,41.6188416372702,35.9455940659855
Longleaf / slash pine,80,6.54426108818674,0.533775466977802,40.9315765216901,44.0415199127774,37.8216331306029
Longleaf / slash pine,90,6.50860703308629,0.953147332643706,42.164895445478,46.6984148030101,37.6313760879458
Longleaf / slash pine,100,6.58359475130777,1.34503794867659,43.4969233955643,49.7499310857354,37.2439157053932
Longleaf / slash pine,110,0.0435921720533358,2.42046670736128,24.6755691286971,34.9197814248194,14.4313568325749
Longleaf / slash pine,120,9.96225331605373,3.0556169904645,49.4053829028955,63.1145094550586,35.6962563507325
Maple / beech / birch,0,-0.957470468232848,1.40650995243664,-2.91258308148064,1.36595837469809,-7.19112453765938
Maple / beech / birch,10,2.0580071441516,1.04340895317662,5.32286384708975,9.87404669359362,0.771681000585878
Maple / beech / birch,20,3.42132610232425,0.723055641412105,11.8856076586549,15.8956141023308,7.87560121497906
Maple / beech / birch,30,3.85785141988852,0.528355164316342,15.8525917008616,19.3215800985995,12.3836033031236
Maple / beech / birch,40,4.86655498512952,0.446644050462014,21.0156771253577,24.1837764755952,17.8475777751203
Maple / beech / birch,50,5.50977878725982,0.314289743914799,25.4791657821365,28.2073071368741,22.7510244273988
Maple / beech / birch,60,5.48956998040941,0.274787342276839,27.8591695122,30.3583061537072,25.3600328706928
Maple / beech / birch,70,6.06745975610531,0.249154086153696,31.4437083022141,33.7888346942715,29.0985819101567
Maple / beech / birch,80,6.04979565128818,0.227613038276643,33.491782805755,35.7112358413705,31.2723297701396
Maple / beech / birch,90,5.65241099231609,0.271417875648095,33.9359916662583,36.234294574371,31.6376887581456
Maple / beech / birch,100,5.87631237542254,0.33298933308755,35.6533331891727,38.1485244191381,33.1581419592073
Maple / beech / birch,110,5.26542773354041,0.536567352051845,35.0585490927643,38.2349948206932,31.8821033648353
Maple / beech / birch,120,7.31713057018571,0.876409134568006,41.8092978173799,46.254816481096,37.3637791536638
Maple / beech / birch,130,6.92431230891027,1.13560098717423,43.2794419690264,48.9883269766305,37.5705569614222
Maple / beech / birch,140,3.43052597047745,1.69582375889105,34.083380929386,42.0485219831993,26.1182398755727
Maple / beech / birch,150,9.35253511097607,2.89348576063048,49.9252322250601,62.4565909371593,37.393873512961
Maple / beech / birch,160,6.72731435018121,1.81709992684179,46.9033784113747,57.9464069747039,35.8603498480456
Maple / beech / birch,170,5.49752355555556,2.81986940930308,43.5303481672127,57.7255586547346,29.3351376796908
Maple / beech / birch,200,11.3618324229655,2.15381310089246,66.1684363614302,80.6643672024966,51.6725055203638
Nonstocked,0,1.75673426582222,0.1493100563727,5.34390842438683,5.7981030533749,4.88971379539876
Oak / gum / cypress,0,4.79519524007454,0.710574453992688,14.5867731611761,16.7483094189483,12.4252369034039
Oak / gum / cypress,10,5.12437075129139,0.304129127607622,20.2833070997781,21.9042107121209,18.6624034874353
Oak / gum / cypress,20,4.52986075740692,0.394551403085873,21.4865712187727,23.3830978742247,19.5900445633206
Oak / gum / cypress,30,4.91642773608605,0.399686689267103,24.2034288128321,26.2634005196439,22.1434571060202
Oak / gum / cypress,40,5.3382030484348,0.326895638561352,27.2491116256511,29.2138975607216,25.2843256905807
Oak / gum / cypress,50,5.42231709999703,0.293584455631007,29.3715296389522,31.2716012898781,27.4714579880262
Oak / gum / cypress,60,5.4158143443319,0.341066687751796,30.9338829711013,33.000152037477,28.8676139047256
Oak / gum / cypress,70,5.26030787826637,0.319951303007785,31.794830184338,33.8805050563682,29.7091553123077
Oak / gum / cypress,80,6.15196574194667,0.422495392261051,35.5338880964564,37.9769543183471,33.0908218745656
Oak / gum / cypress,90,6.11883733700731,0.433078711322199,37.2786485571972,39.8999431062102,34.6573540081841
Oak / gum / cypress,100,5.99320792184685,0.94217543536735,38.2629362921693,42.5441588768848,33.9817137074538
Oak / gum / cypress,110,7.01660357766219,0.813840688740384,42.4224145255221,46.8998927743364,37.9449362767078
Oak / gum / cypress,120,7.18992459153016,0.731918472387024,44.92636793349,49.3909739571773,40.4617619098027
Oak / gum / cypress,130,3.99739233333085,1.84197774513946,36.8596777550876,44.8234881281937,28.8958673819815
Oak / gum / cypress,140,3.68868046666667,3.67743368299626,34.139994574691,48.907527577874,19.372461571508
Oak / gum / cypress,150,2.83917329090909,3.93459289979372,30.6472101219445,48.7447834431017,12.5496368007872
Oak / gum / cypress,180,4.19671690909091,4.49715550045751,33.5898676165193,58.2116777915852,8.96805744145338
Oak / gum / cypress,190,6.4026707,3.25436618712006,40.8632564284167,63.0522766396496,18.6742362171838
Oak / hickory,0,3.14295770908133,0.358006684619883,9.56073921128317,10.6497798107341,8.47169861183226
Oak / hickory,10,3.27711551241501,0.297898818622264,13.0462559938402,14.302991939644,11.7895200480365
Oak / hickory,20,4.20160882926765,0.232156929459063,17.7526389734733,18.9513277298741,16.5539502170725
Oak / hickory,30,4.2498738265711,0.280989328610329,20.1504383966032,21.5443123038628,18.7565644893436
Oak / hickory,40,4.47471289419784,0.239935594324983,22.4929487795736,23.866882647625,21.1190149115222
Oak / hickory,50,4.57258663596028,0.19345889644003,24.3527935577416,25.6282574566583,23.0773296588249
Oak / hickory,60,4.60146743591699,0.160322633671478,25.8185995529064,26.9958946123304,24.6413044934824
Oak / hickory,70,4.39517440826577,0.151929040877503,26.3876163549639,27.5272354490973,25.2479972608306
Oak / hickory,80,4.4144567256895,0.169244599031252,27.2903487122358,28.4800428236814,26.1006546007902
Oak / hickory,90,4.09780290281208,0.213309651302431,27.1657301491003,28.5125075583949,25.8189527398057
Oak / hickory,100,4.53849616050558,0.291328694856998,28.9699038024094,30.6156873423616,27.3241202624572
Oak / hickory,110,4.32742352286603,0.380691039973498,29.292831732503,31.3282970471924,27.2573664178136
Oak / hickory,120,4.19727828690754,0.526588171150727,29.4647992710868,32.1089586058683,26.8206399363054
Oak / hickory,130,4.37579374327965,0.956272761864268,30.4424159881445,34.6479168595655,26.2369151167236
Oak / hickory,140,4.33186609263873,1.0718717797725,30.9454854597246,36.0943514988513,25.796619420598
Oak / hickory,150,4.27704345073773,1.60216782441579,31.28808849757,38.5404155178666,24.0357614772734
Oak / hickory,160,2.85529770812531,2.14924516571394,27.3909417859416,37.1824292175314,17.5994543543519
Oak / hickory,170,-4.318139927756,7.55430058460456,4.60293195702356,31.9624257886834,-22.7565618746363
Oak / hickory,180,3.79969624166667,4.40203639222922,21.8874077920946,45.7263607481602,-1.9515451639709
Oak / pine,0,3.79285578772632,0.31361816593257,11.5377006021047,12.4917132786796,10.5836879255299
Oak / pine,10,4.68605094864913,0.60730316868466,17.9685208048715,20.1229883416269,15.8140532681161
Oak / pine,20,5.75584516519362,0.294396937935052,24.2246120955149,25.8906885883979,22.558535602632
Oak / pine,30,6.44616611894914,0.444596748253579,29.4062183670282,31.5143092096412,27.2981275244153
Oak / pine,40,6.08549470832145,0.454208859843139,31.1993800391358,33.5306342866754,28.8681257915962
Oak / pine,50,6.05669571140477,0.33327826105697,32.9556963795969,35.0727835113711,30.8386092478226
Oak / pine,60,6.40505734637242,0.450652367877954,35.6290024721484,38.1103451331472,33.1476598111496
Oak / pine,70,5.61489342454457,0.559547926716084,35.0186499523891,37.9873909939437,32.0499089108344
Oak / pine,80,6.10835748204268,0.677863340317703,37.2497794206569,40.7990960362224,33.7004628050913
Oak / pine,90,5.93732380550307,0.915875854562739,38.0939473412263,42.6392457895952,33.5486488928574
Oak / pine,100,5.12433642539266,1.43824889800821,36.6022733936371,43.1638897821888,30.0406570050855
Oak / pine,110,6.58634570939095,2.00309767615415,41.1799018488492,50.2643459257479,32.0954577719505
Oak / pine,120,1.91177878579507,2.98957253815823,28.7974513974744,41.9644898289141,15.6304129660346
Oak / pine,130,4.9055834,4.94744146403498,34.6199982331883,55.4404818581732,13.7995146082033
Oak / pine,140,8.9963465,2.749502818646,48.4434698690177,65.6308471776073,31.256092560428
Other eastern softwoods,0,-0.795102116666667,8.5830056303099,-2.41866569245413,23.6904601934152,-28.5277915783235
Other eastern softwoods,10,4.848623647704,1.93219545822991,13.9707789281717,28.2524486894547,-0.310890833111245
Other eastern softwoods,20,6.71700553484926,0.943059035096471,24.7344064664802,34.3089046801906,15.1599082527699
Other eastern softwoods,30,7.22087271080065,1.31364724597953,30.9404838706952,40.4132507878378,21.4677169535527
Other eastern softwoods,40,8.85242361435856,1.06671110214604,39.4635565335784,48.1408666267001,30.7862464404568
Other eastern softwoods,50,8.51107299384703,0.97312101376958,42.6986196487755,50.9089141515935,34.4883251459576
Other eastern softwoods,60,8.61716855008868,1.37600972444257,45.8331640948224,55.1288908845265,36.5374373051183
Other eastern softwoods,70,6.40227355033807,2.38229887516228,41.6113259361932,54.3089241004626,28.9137277719238
Other eastern softwoods,80,15.4430034848741,3.19431624911061,69.1311481776865,85.4913364536829,52.77095990169
Other eastern softwoods,90,6.43999505065096,4.53662187717335,51.2990199206834,73.2640336736497,29.3340061677172
Other eastern softwoods,120,6.08240958333333,8.68376084567534,46.6409101065154,89.7995944258187,3.48222578721222
Other hardwoods,0,1.21107126670873,1.94095060453865,3.68402556414446,9.5883119942029,-2.22026086591397
Other hardwoods,10,2.8045302779045,0.915365642314688,9.71707349316972,14.4020496718558,5.03209731448368
Other hardwoods,20,3.483161802719,1.31588146616333,14.0209096033699,20.0086386830102,8.0331805237297
Other hardwoods,30,4.1255676073227,0.847685040687535,18.0228327214926,23.1879018848105,12.8577635581747
Other hardwoods,40,6.29357274924901,1.22414101210352,26.6717671399873,32.9749799298843,20.3685543500903
Other hardwoods,50,4.79389984569746,1.12971311464535,25.7393758320808,32.2382198916096,19.240531772552
Other hardwoods,60,5.17370771702826,1.11857803415849,27.88637343081,34.6100115243107,21.1627353373093
Other hardwoods,70,5.28666963627594,0.798102310182822,29.7181786808644,35.693942033973,23.7424153277557
Other hardwoods,80,5.89300162694663,0.934709756721405,32.9564324071015,39.2445261830127,26.6683386311904
Other hardwoods,90,5.82394952969885,0.851893908760763,34.5422358920744,40.7256998226145,28.3587719615344
Other hardwoods,100,7.18218780477463,1.19667981277793,40.0166461425827,47.29240364133,32.7408886438354
Other hardwoods,110,9.48801335603048,1.03708932650135,49.5341264854029,56.7285496942965,42.3397032765092
Other hardwoods,120,4.67851220656983,2.23578611121235,38.9771937844754,49.9270150543641,28.0273725145868
Other hardwoods,130,1.01992054630793,1.35455888365805,25.940109726385,35.5049787612442,16.3752406915259
Other hardwoods,150,11.4882296666667,2.35576135233893,56.8569065751483,69.9928347576292,43.7209783926675
Other hardwoods,200,5.99151653726733,1.57534139384133,51.4075635549447,64.0512663151248,38.7638607947647
Other western softwoods,0,0.021149636988785,2.82318762218508,0.0643362661479099,8.65234892767486,-8.52367639537904
Other western softwoods,10,0.581248337571797,1.40413664786177,1.7888404793991,8.82447546967592,-5.24679451087772
Other western softwoods,20,1.5898782651756,1.2440642108322,5.41732877649242,12.1599813419828,-1.32532378899795
Other western softwoods,30,2.7390194912611,1.20329550723808,10.223247680698,17.0305191376957,3.41597622370025
Other western softwoods,40,4.43137272823051,1.01139983181806,17.295592951158,23.7486808062288,10.8425050960873
Other western softwoods,50,4.44118558977435,0.932165908472521,20.2258566579026,26.4991379835137,13.9525753322916
Other western softwoods,60,1.677223575007,0.768326804445147,13.7397688986248,19.5672287127154,7.91230908453416
Other western softwoods,70,3.64817831928449,0.640367626035352,18.5322082691352,23.9076920612081,13.1567244770622
Other western softwoods,80,4.12735985209715,0.481148290776974,21.6456459177512,26.4258977477728,16.8653940877296
Other western softwoods,90,3.46723041053024,0.53946925972526,21.2160952645778,25.9844887480141,16.4477017811415
Other western softwoods,100,5.16139603460868,0.640064740166799,26.8761260976158,31.9129266997202,21.8393254955115
Other western softwoods,110,4.12487050568884,0.704173159602409,25.9690591169419,31.2746960448565,20.6634221890273
Other western softwoods,120,4.20955182360392,1.28881454628337,26.7357520884855,33.9240370134157,19.5474671635553
Other western softwoods,130,3.86539601825825,1.08127476966394,26.4130113222309,33.6118249731733,19.2141976712884
Other western softwoods,140,6.54685430058944,1.48350897930097,34.9206174460604,43.5260691209302,26.3151657711906
Other western softwoods,150,2.87450288632677,1.06448090728499,26.8213928513286,34.7204220410379,18.9223636616193
Other western softwoods,160,4.33095544199808,1.32122100812069,29.6136901141469,38.2710176365108,20.9563625917831
Other western softwoods,170,5.65151382001215,1.93906854691382,34.5186320595718,45.3842719707557,23.6529921483879
Other western softwoods,180,7.20956795743882,1.48371457048086,41.1862843740745,51.5182529998407,30.8543157483084
Other western softwoods,190,17.396677434319,2.1869327226792,74.9782647592625,87.5596860840918,62.3968434344332
Other western softwoods,200,4.96036506426917,0.56631619017402,49.0180547032012,57.5405805389908,40.4955288674115
Pinyon / juniper,0,2.72617787747511,0.914036920067611,8.29291328190587,11.0733734188656,5.51245314494614
Pinyon / juniper,10,4.01648623132246,0.655473197366221,14.8873008959762,17.776197197161,11.9984045947913
Pinyon / juniper,20,4.44015623548984,0.538807224888803,18.9684870683002,21.7619644269128,16.1750097096877
Pinyon / juniper,30,5.03266339182547,0.40530816564739,23.0114242690133,25.5090466082846,20.513801929742
Pinyon / juniper,40,4.98124797231461,0.417585096087299,25.0952283883539,27.6315599027748,22.5588968739331
Pinyon / juniper,50,5.02523697546024,0.337698658021571,26.8865626769733,29.2452496929087,24.527875661038
Pinyon / juniper,60,5.32458403303342,0.349520015714138,29.2467148525183,31.6342717848093,26.8591579202272
Pinyon / juniper,70,5.61263748622696,0.295846582464749,31.6769764162709,33.9365355036395,29.4174173289023
Pinyon / juniper,80,6.30282471926971,0.252296441344619,35.3482761579614,37.4611323102625,33.2354200056603
Pinyon / juniper,90,6.37699841406014,0.240190011476524,37.5418823145181,39.5829885012029,35.5007761278334
Pinyon / juniper,100,6.88120599433821,0.213593117853955,40.666357761136,42.6050154688447,38.7277000534274
Pinyon / juniper,110,6.97236815678254,0.220190178781022,42.7743030881596,44.6997940337512,40.8488121425681
Pinyon / juniper,120,7.11964776758112,0.19962239955005,44.7775518880068,46.6309591286104,42.9241446474032
Pinyon / juniper,130,6.79677560681257,0.20708115965971,45.2650172946352,47.1162421539943,43.4137924352761
Pinyon / juniper,140,7.01658667356068,0.198555617857174,46.8831172913232,48.7026735546066,45.0635610280399
Pinyon / juniper,150,6.76446494105955,0.216184427910307,47.2869912707429,49.1486681248494,45.4253144166365
Pinyon / juniper,160,7.11930912339056,0.238660035351216,49.1521321366234,51.0938528176522,47.2104114555946
Pinyon / juniper,170,7.46810423550873,0.236001679397064,51.3620655339412,53.3253703474904,49.398760720392
Pinyon / juniper,180,7.00911838241515,0.235236179554085,51.2788041262581,53.2570295003009,49.3005787522153
Pinyon / juniper,190,7.01259832706719,0.258016956021342,51.9135238380705,53.9756584796504,49.8513891964907
Pinyon / juniper,200,7.8123706615812,0.115370264356087,55.0483428821351,56.7132317389283,53.383454025342
Ponderosa pine,0,4.35933246950848,1.16327850686903,13.2608977702191,16.7995398595257,9.72225568091258
Ponderosa pine,10,5.12813867971684,0.583544972036429,19.8679956601934,22.7821333777408,16.953857942646
Ponderosa pine,20,5.83000729992142,0.632243368852787,25.2007918259957,28.3478588771052,22.0537247748862
Ponderosa pine,30,7.06205177882568,0.970731341261438,31.8292745573219,36.1987898360062,27.4597592786376
Ponderosa pine,40,8.45049732092521,0.712776014780616,39.4041483820428,43.4977568581157,35.3105399059698
Ponderosa pine,50,8.40902860311877,0.559103401421848,43.1102049356983,46.8336772162626,39.3867326551341
Ponderosa pine,60,8.08722058023731,0.494705670410554,44.9182826998559,48.4316202372105,41.4049451625014
Ponderosa pine,70,8.64675775094662,0.492595820277563,48.6278465072184,52.1231471033465,45.1325459110903
Ponderosa pine,80,8.55449763686643,0.333485038628993,50.7446288013389,53.7849212762299,47.7043363264479
Ponderosa pine,90,9.40762599502012,0.325431108914174,55.2445299716485,58.1458742318185,52.3431857114784
Ponderosa pine,100,9.3610972953531,0.297595795759022,57.6401405002829,60.4036503044914,54.8766306960745
Ponderosa pine,110,9.80018886871856,0.399732116489589,60.9490834394088,63.9709919012698,57.9271749775479
Ponderosa pine,120,9.23345594543781,0.415257915258456,61.3794675323456,64.5200609083561,58.2388741563351
Ponderosa pine,130,10.2656434479174,0.445171421168967,65.765050883522,69.05166568289,62.478436084154
Ponderosa pine,140,9.58917525083037,0.596258664228398,65.998985351778,69.8137071147236,62.1842635888324
Ponderosa pine,150,9.35946370221698,0.675803881666704,66.443868700853,70.699353262313,62.188384139393
Ponderosa pine,160,9.26926562125053,0.664163719276836,67.1378258650826,71.5647659640023,62.710885766163
Ponderosa pine,170,9.18023024952629,1.01732737078225,67.803417025234,73.4400427110042,62.1667913394639
Ponderosa pine,180,9.66453791795757,1.01093149125382,70.1406688128265,76.2182929169324,64.0630447087205
Ponderosa pine,190,10.9717874407263,1.2471480886012,75.4653580825101,82.5556380703762,68.375078094644
Ponderosa pine,200,9.38001450030697,0.574987529918311,73.0267392708078,78.5360840907126,67.5173944509029
Redwood,10,7.07055944166667,1.55282372948938,21.5083310552753,26.2319525904437,16.7847095201069
Redwood,20,4.02239686818182,1.49307651866166,19.1590648627647,25.221379237187,13.0967504883425
Redwood,30,3.63249406589101,1.19241789293851,18.9539853839313,24.9141227301031,12.9938480377596
Redwood,40,9.04684272363062,1.32565236174067,36.1910674674867,42.8563194852483,29.525815449725
Redwood,50,9.13348451713043,1.4357028810402,42.6415796538244,50.0923921021452,35.1907672055036
Redwood,60,8.17796910675703,0.847376959176307,43.7092008965752,49.8546499224663,37.5637518706842
Redwood,70,7.65469562758518,0.883884801159106,44.2038890002605,50.2751813975509,38.1325966029701
Redwood,80,10.1757861281704,1.57525105625959,53.3634970776421,61.5815657426819,45.1454284126022
Redwood,90,6.57003985827034,0.931034046962915,46.4085734605636,53.4272395823487,39.3899073387785
Redwood,100,9.41977814376531,1.81427981494328,54.4196460627517,63.9737039637477,44.8655881617557
Redwood,110,8.09785022097436,1.32669060997365,53.5309646028739,62.4757937236961,44.5861354820516
Redwood,120,18.10664225,3.35662565769619,84.893089370854,100.086992356232,69.6991863854762
Redwood,130,8.5287127694763,1.24179722644568,66.6353621635242,77.53650571494,55.7342186121083
Redwood,180,9.87831691666667,2.02653180515503,71.1959743495641,84.6210652668247,57.7708834323034
Redwood,200,10.288355823406,0.945411715242479,75.1388178950178,85.5544725513211,64.7231632387145
Spruce / fir,0,3.57060953143132,1.73238226573949,10.8616372586557,16.1314679691135,5.5918065481978
Spruce / fir,10,5.48480991034464,0.917848412915743,20.1806989141255,24.6690087057596,15.6923891224915
Spruce / fir,20,9.09806150351087,0.655705449277693,35.048940261116,38.9138965621595,31.1839839600724
Spruce / fir,30,10.90324690043,0.511412561536843,46.5951292591205,50.0079435563918,43.1823149618493
Spruce / fir,40,10.3772751637583,0.552911991384706,50.7428858850627,54.2368085597521,47.2489632103733
Spruce / fir,50,9.62756834182567,0.671242855871193,52.0718007179665,56.0045989253021,48.1390025106309
Spruce / fir,60,10.181571402457,0.564584518990884,56.0985004211862,59.9055582194062,52.2914426229663
Spruce / fir,70,10.6826905059241,0.489706798961546,60.4479466298434,64.0687503699477,56.8271428897391
Spruce / fir,80,11.1532375177525,0.466798832465159,64.7877794541948,68.3283981297029,61.2471607786866
Spruce / fir,90,10.688328662331,0.551143471620709,66.2589524741643,70.0577873447079,62.4601176036207
Spruce / fir,100,10.8671374264907,0.580418450400924,68.7454473990987,72.7371583686759,64.7537364295215
Spruce / fir,110,12.236965044446,0.871938236920092,74.9387503802379,79.920727947202,69.9567728132739
Spruce / fir,120,13.0655194085655,0.882461725950284,80.6194449221873,85.9990816046216,75.2398082397529
Spruce / fir,130,12.0273797495563,0.910857639188242,80.7020937852693,86.4121881733601,74.9919993971787
Spruce / fir,140,12.9594546369959,1.409900121996,85.070768751684,92.5151986597868,77.6263388435812
Spruce / fir,150,13.5057922476339,1.56132245020533,89.2722921591322,97.8432991200328,80.7012851982316
Spruce / fir,160,11.4193127890087,1.4098986698421,85.5555607477149,94.2499255778291,76.8611959176007
Spruce / fir,170,11.036963714145,1.14924949936493,84.5180122664156,92.6988383120318,76.3371862207995
Spruce / fir,180,11.2945218180926,3.6271919443647,85.6836588945085,101.417497147838,69.9498206411791
Spruce / fir,190,9.659206855688,2.91345890371118,81.6685658555371,97.7620727271372,65.5750589839371
Spruce / fir,200,11.0143981454545,3.54471079202579,85.1300254862143,103.959594490683,66.3004564817454
Tanoak / laurel,0,6.05636703399934,1.32708827520825,18.4232023270861,22.4601465318893,14.3862581222828
Tanoak / laurel,10,1.88251144597314,0.782468142988977,11.6565849661622,15.3362319150583,7.97693801726606
Tanoak / laurel,20,6.72345011567289,1.28363468926279,25.6924589307616,31.1076787038373,20.2772391576859
Tanoak / laurel,30,7.57223658226229,0.972947688696207,33.121723455053,38.31357489826,27.9298720118459
Tanoak / laurel,40,6.39990308183914,0.78697161730112,33.4157139704591,38.2370735570707,28.5943543838475
Tanoak / laurel,50,9.86839588166987,0.620846400386487,45.6007802356635,49.9617598339069,41.2398006374201
Tanoak / laurel,60,8.05978907604788,0.665250246807357,45.1170393684369,49.5654561808538,40.66862255602
Tanoak / laurel,70,7.66065236160137,0.823317276105891,45.5785244458232,50.5852037295081,40.5718451621383
Tanoak / laurel,80,5.6876824716697,0.842530343780746,40.939111082515,46.2399405003647,35.6382816646654
Tanoak / laurel,90,7.39135423928805,0.768639011572697,45.6203642064644,50.8824660848389,40.3582623280898
Tanoak / laurel,100,7.50266477741549,1.92363377724552,47.8801020326065,56.7329009037101,39.027303161503
Tanoak / laurel,110,8.65171048954047,1.49312975375593,52.9024258503484,61.6663912293051,44.1384604713917
Tanoak / laurel,120,6.55700211036601,1.49566967927539,48.9178120903556,58.0052964078622,39.8303277728491
Tanoak / laurel,140,10.0118532172117,3.44693201377505,61.1493947567235,77.7325293006101,44.5662602128368
Tanoak / laurel,150,7.99280633380636,2.17768510986968,58.1525532531886,72.6434244430625,43.6616820633146
Tanoak / laurel,160,8.61370592510485,1.10686230723425,60.2572589170027,71.4332678161511,49.0812500178543
Tanoak / laurel,170,10.4821858563092,2.6049886261544,67.2151401314552,82.1287827852747,52.3014974776356
Tanoak / laurel,180,4.73387241666667,2.64277584782913,52.6768942898107,68.8663793378898,36.4874092417316
Tanoak / laurel,190,18.22755975,4.75677208621504,90.1693176166836,113.531071472056,66.8075637613114
Tanoak / laurel,200,9.82579706324353,1.40147470602903,76.3132293080435,92.0945848042897,60.5318738117974
Tropical hardwoods,10,5.30797198245693,1.42380684064099,16.1466174738641,20.4777753037251,11.8154596440031
Tropical hardwoods,20,3.86565372356176,1.52301369977672,16.9564285490531,22.9834841349018,10.9293729632044
Tropical hardwoods,30,3.92866145760082,1.14859365666541,18.7128768065658,24.4966553933389,12.9290982197927
Tropical hardwoods,40,3.28643981637171,1.51143338207418,18.1577399457738,25.3098555526377,11.0056243389099
Tropical hardwoods,50,4.89372985550534,1.03136076661876,23.6244727563791,29.9720914086362,17.2768541041219
Tropical hardwoods,60,6.05908363636364,1.78068642850326,29.446508086581,38.0946920957984,20.7983240773636
Tropical hardwoods,70,2.82143171547381,1.84423811691343,22.3286723296842,32.0450056790471,12.6123389803212
Tropical hardwoods,80,6.31839576067464,1.52137729770561,31.7386790741382,41.1205292511401,22.3568288971363
Tropical hardwoods,100,4.42284225548362,1.89216434794233,30.2746696953034,41.3955116888942,19.1538277017126
Western larch,0,1.80606966402101,1.51174066219401,5.49398453731083,10.0926331874558,0.895335887165899
Western larch,10,5.40475943443403,0.89793456793611,18.2094466350335,22.4211390298532,13.9977542402138
Western larch,20,10.7086290781259,1.13340837861601,38.8801775685087,44.0550378809991,33.7053172560182
Western larch,30,12.2564930842771,1.71117675665477,51.5304238593722,58.9602471430672,44.1006005756773
Western larch,40,12.3967707296608,1.09942220668855,58.49899456073,65.0170866087315,51.9809025127284
Western larch,50,9.85211356846826,1.74031486194278,55.6123161479609,64.1287637975929,47.0958684983287
Western larch,60,14.1759307913892,2.020704422159,70.2130134346627,80.3843323640773,60.0416945052481
Western larch,70,12.2252670462133,0.920358636573832,70.4823232748367,78.1374008678618,62.8272456818115
Western larch,80,12.53218081378,0.893818710640714,73.906919258669,81.011122875957,66.8027156413809
Western larch,90,13.124776267132,1.17382212862268,78.5141086745928,86.3302343686717,70.6979829805139
Western larch,100,13.6060690538019,1.08511821135463,83.0741827120815,90.8754371851184,75.2729282390446
Western larch,110,13.5397424039264,1.07339108140443,85.9552660721041,93.8113049665788,78.0992271776294
Western larch,120,13.1121713066437,1.73941834125077,87.1789999674681,97.1479301220812,77.210069812855
Western larch,130,14.0302548011484,1.59503059729388,91.8161319174441,102.089688735017,81.5425750998708
Western larch,140,10.1466861909091,3.22386946901177,82.7270918752432,98.2790529052296,67.1751308452567
Western larch,150,10.8163187075995,1.69081183978773,83.2073756218248,95.9686414120887,70.4461098315608
Western larch,160,11.9890679139845,2.58749147601338,87.2493194050165,102.400121037934,72.0985177720993
Western larch,170,7.24950094173838,2.08598666581884,74.6170977622071,89.147060457505,60.087135066909
Western larch,180,9.00771584166667,2.76932384006651,76.6731394682382,93.4229135492238,59.9233653872525
Western larch,190,10.2235269103851,2.83223937315131,80.6189047418464,98.4646670460629,62.7731424376298
Western larch,200,12.9077137822709,1.60781159183856,90.1497793861117,104.966232605316,75.3333261669074
Western oak,0,4.19439122795653,0.965582711386225,12.7591537629399,15.6964139315426,9.82189359433724
Western oak,10,5.71547438248984,1.25048551957745,21.4931434874191,26.2425119789135,16.7437749959247
Western oak,20,5.79676289275196,1.38635563771399,25.5822425230232,31.5654387700794,19.599046275967
Western oak,30,3.14232791758768,1.36530160976593,20.1358314896509,26.7381402329004,13.5335227464013
Western oak,40,6.02272814974794,1.85365411343916,28.3452774749108,36.9229593977095,19.7675955521121
Western oak,50,4.77975443319164,0.538704409520272,27.6281352261655,33.0967556520911,22.15951480024
Western oak,60,6.30223136920053,0.556820259932705,33.1036832817469,37.9750078860178,28.232358677476
Western oak,70,6.8436369667117,0.537822964622117,37.1843649646794,41.7970130597847,32.5717168695741
Western oak,80,6.68045997722573,0.479537383115883,38.9799687674746,43.3254584804148,34.6344790545344
Western oak,90,5.8374282679514,0.593323032072077,38.0171186213405,42.6143956570372,33.4198415856438
Western oak,100,4.73458118926125,0.55703394328234,35.2426389650803,39.7922662400899,30.6930116900707
Western oak,110,6.13479392948797,0.513887635644518,39.211495968158,43.629668887609,34.793323048707
Western oak,120,4.98455414753642,0.87941496930965,37.2705316008285,42.7670689537615,31.7739942478955
Western oak,130,9.22989111058515,1.22043086240737,50.1685774581825,57.050236014046,43.2869189023189
Western oak,140,6.69242650380872,1.35146063942936,46.8890138104128,54.708644503793,39.0693831170326
Western oak,150,4.58926564745814,1.47576207390497,40.7538509297988,49.4255900992447,32.0821117603529
Western oak,160,10.3981026699932,1.39906634030918,57.0436485412429,65.9469630503974,48.1403340320885
Western oak,170,8.80801276472303,2.18322058658221,57.4788369723469,69.0465402856123,45.9111336590814
Western oak,180,9.00313261987764,1.503495055384,59.6788962060863,70.2039471670566,49.1538452451161
Western oak,190,19.4929108333333,4.7606402410679,93.264733733634,113.707508100331,72.821959366937
Western oak,200,8.19655584824413,1.22040240290011,70.6477495783548,83.6619542380111,57.6335449186984
Western white pine,20,7.07588352798341,3.65798705176691,21.5245266918458,32.6519625269327,10.397090856759
Western white pine,50,3.86313009090909,2.99992148809957,22.8109457965835,38.4960228354487,7.12586875771828
Western white pine,60,7.57930276610096,1.97965041587751,34.3714038712886,47.7351252145014,21.0076825280758
Western white pine,70,9.42356312369108,2.03534678054019,44.2519269797508,57.5457048242505,30.9581491352511
Western white pine,110,10.521389851088,1.77835027348643,61.4410319069688,74.6145042882424,48.2675595256953
Western white pine,120,6.10521116535069,4.77289393398618,50.6284050507636,73.0042107319652,28.252599369562
Western white pine,160,18.7254865291701,5.01473794633662,100.717443196788,131.437688404946,69.9971979886301
Western white pine,180,1.04546191666667,2.82966291479673,50.9888347069681,76.0993822523452,25.8782871615911
Western white pine,190,-8.9226597425,5.85658967762338,11.3791534228314,44.8970642283814,-22.1387573827186
Western white pine,200,7.88172754273427,2.99220802242451,47.9847544288196,75.5017052445531,20.4678036130863
White / red / jack pine,0,1.81820239989901,1.97919869548359,5.5308917865919,11.5515272282191,-0.489743655035289
White / red / jack pine,10,5.95656851684274,1.27952057081272,19.8999053309956,25.7300752641348,14.0697353978564
White / red / jack pine,20,11.796138755567,0.992878310494551,42.7354406442113,48.1186209533003,37.3522603351224
White / red / jack pine,30,9.96185867661855,0.78045399984358,45.9294691108667,50.7934581228667,41.0654800988668
White / red / jack pine,40,10.6522710743542,0.898564233809939,51.7825348774082,57.0082154639943,46.556854290822
White / red / jack pine,50,8.55141555452865,0.802694858556061,49.2859857094205,54.4342336432359,44.1377377756051
White / red / jack pine,60,9.90332489548871,0.730125252042612,54.5562267946887,59.575055517952,49.5373980714254
White / red / jack pine,70,9.59307779911095,0.684275946262745,56.5511023666656,61.4713265001107,51.6308782332204
White / red / jack pine,80,9.01671730022325,0.896591146993202,56.883605813861,62.4759013403084,51.2913102874135
White / red / jack pine,90,10.2277659109155,1.14014451187033,61.9092338889454,68.5016382566211,55.3168295212697
White / red / jack pine,100,8.78791896636244,0.964475542860785,60.1294846637646,66.6026797868647,53.6562895406645
White / red / jack pine,110,10.3238123530018,1.19981645644703,65.427184298342,72.725078611125,58.1292899855591
White / red / jack pine,120,9.51995132801288,1.12286783404799,65.4378360021927,72.8597855079373,58.0158864964482
White / red / jack pine,130,9.33518219140315,1.93763951849308,65.9534666626152,76.0370819202286,55.8698514050019
White / red / jack pine,140,6.8757984904393,3.15085986885247,59.4398926998618,74.18411881142,44.6956665883037
White / red / jack pine,150,8.59223682259802,2.45143779509979,63.2685663018768,77.6900889307031,48.8470436730504
White / red / jack pine,160,10.6768841759328,2.79816628267653,70.9027998641458,86.8526506313005,54.9529490969911
White / red / jack pine,170,11.0818885512159,2.42115487032278,75.0956851817045,90.7441232906228,59.4472470727861
White / red / jack pine,190,7.91048603191979,2.76587101735895,68.0605544820798,85.6035866540328,50.5175223101268
White / red / jack pine,200,11.6679376497737,3.19038383887612,78.6093392503566,98.0770853842079,59.1415931165052
Woodland hardwoods,0,3.77112091888555,0.593733480672399,11.4715840863853,13.2776952387289,9.66547293404162
Woodland hardwoods,10,2.95304841668458,0.252329317180939,12.6755216607414,14.0244481484102,11.3265951730725
Woodland hardwoods,20,2.87733028713357,0.23452850548768,13.7592435730863,15.0527367627001,12.4657503834725
Woodland hardwoods,30,3.30161956964465,0.229139669893475,16.0414039228817,17.3496086690892,14.7331991766742
Woodland hardwoods,40,3.40159488287983,0.268982720359218,17.6339265702788,19.106254603537,16.1615985370206
Woodland hardwoods,50,3.32237182379341,0.295498895919529,18.5039495994183,20.142341249921,16.8655579489157
Woodland hardwoods,60,3.94781487107316,0.339855453461106,21.2492521256379,23.1151582802935,19.3833459709823
Woodland hardwoods,70,4.06709525865024,0.455933485531658,22.9833175687489,25.3176840242812,20.6489511132167
Woodland hardwoods,80,3.66362804012956,0.606644156455157,22.908500560206,25.9013848639496,19.9156162564624
Woodland hardwoods,90,3.85525469236856,0.560563763769591,24.0372129213659,27.1753301217267,20.8990957210052
Woodland hardwoods,100,4.55214503607173,0.600059274554801,26.9396574824714,30.3486069520665,23.5307080128764
Woodland hardwoods,110,4.09367500828557,0.572678335029362,26.9089061428887,30.4048465814638,23.4129657043137
Woodland hardwoods,120,4.19977587881289,0.61110832025936,27.788437641715,31.5140909914646,24.0627842919654
Woodland hardwoods,130,5.99752188697149,0.617323968794118,33.9490933005246,37.8379180953599,30.0602685056893
Woodland hardwoods,140,6.02813249178854,0.732317762895753,36.428129788797,40.7928114447125,32.0634481328816
Woodland hardwoods,150,3.8628647661785,0.614237901079634,31.4552909203792,35.6828829098321,27.2276989309263
Woodland hardwoods,160,4.9356284280459,0.576685296259438,33.8768622317954,38.0377372378612,29.7159872257296
Woodland hardwoods,170,4.41325685587181,0.684876134389986,33.2299195470099,37.7536983760462,28.7061407179737
Woodland hardwoods,180,3.96926396743245,0.734227193287972,32.0870889159031,36.9195650911146,27.2546127406916
Woodland hardwoods,190,7.62678903865077,1.53533583631397,43.1096594214659,50.5443022250571,35.6750166178747
Woodland hardwoods,200,4.36802851043371,0.441074413647626,36.8889861781874,41.906268932571,31.8717034238039
